<?xml version="1.0" encoding="UTF-8"?>
<!DOCTYPE mapper
PUBLIC "-//mybatis.org//DTD Mapper 3.0//EN"
"http://mybatis.org/dtd/mybatis-3-mapper.dtd">
<mapper namespace="vacation_report_board">

	<select id="select_VacreportNo" resultType="int">
		select count(*) from vacation_report
	</select>

	<!-- 결재작성페이지에 진입한 작성자의 정보 -->
	<select id="vacation_report_getForm" parameterType="int"
		resultType="com.khacademy.khoffice.approval.models.VacationReportAddFormDTO">
		
		select m.name mname,d.name dname,m.position,sysdate reg_date
		from member m inner join department d
		on m.department_no = d.department_no where member_no=#{member_no}
		
	</select>
	
	<!-- 페이징을 위한 연차신청서 -->
	<select id="vacation_report_count" parameterType="int"
		resultType="int">
		select count(*) from
		vacation_report
		where
		member_no=#{member_no}
	</select>

	<!-- 페이징 게시판에 뿌릴 데이터들 -->
	<select id="vacation_report_list" parameterType="map"
		resultType="com.khacademy.khoffice.approval.models.VacationReportBoardListDTO">

	select vacreport_no,type,reg_date,name,substitute,status,r from
	(select v.vacreport_no,v.type,v.reg_date,m.name,m2.name	substitute,
	ROW_NUMBER() OVER (PARTITION BY v.vacreport_no ORDER BY a.status desc) as max_status,status,r
	from vacreport_view v inner join member m
	on	m.member_no=v.member_no inner join member m2
	on	m2.member_no=v.substitute inner join vacation_approval a
	on a.vacreport_no=v.vacreport_no where r between #{start} and #{end}
	and m.member_no=#{member_no} order by r) where max_status=1

	

		
<!-- 		select distinct v.vacreport_no,v.type,v.reg_date,m.name,m2.name	substitute,status,r
		from vacreport_view v inner join member m
		on	m.member_no=v.member_no inner join member m2
		on	m2.member_no=v.member_no inner join vacation_approval a
		on a.vacreport_no=v.vacreport_no where r between #{start} and #{end}
		and m.member_no=#{member_no} order by r -->
		
	</select>
</mapper>